rank,name,category,tier,website,official_mcp_url,mcp_hosting,auth,connect_class,plugin_path,consumer_accounts,cost,alternative,notes,sources,verified,checked_on
3,Google Drive,files-and-storage,deep,https://drive.google.com,https://drivemcp.googleapis.com/mcp/v1,vendor-remote,oauth-preregistered,D,mcp,yes,audit-or-review-fee,"drive.file scope with the Google Picker (only files the person picks, non-sensitive, no audit), or the Google Drive for desktop synced folder on the Mac","Google runs a remote Drive MCP (Workspace Developer Preview) that needs a pre-registered Google Cloud OAuth client and the restricted drive.readonly scope, so full Drive access needs restricted-scope verification and a security assessment at least every 12 months; whether the preview admits personal Gmail accounts is not stated. Discovery 2026-10-08: protected-resource metadata only at the path-suffixed URL, authorization server accounts.google.com, DCR no, CIMD no, S256 (also plain).",https://developers.google.com/workspace/guides/configure-mcp-servers https://drivemcp.googleapis.com/.well-known/oauth-protected-resource/mcp/v1 https://accounts.google.com/.well-known/openid-configuration https://accounts.google.com/.well-known/oauth-authorization-server https://developers.google.com/workspace/drive/api/guides/api-specific-auth https://developers.google.com/identity/protocols/oauth2/production-readiness/restricted-scope-verification,partly,2026-10-08
303,Affirm,payments,deep,https://www.affirm.com,none,none,no-public-api,E,other,yes,free,"Affirm statement and payment emails in the person's mailbox, or the PDF statements they download from their Affirm account",Affirm's API is for merchant developers integrating checkout; there is no consumer account API and no Affirm MCP in the MCP Registry (only unrelated names). Discovery 2026-10-08: no MCP or OAuth metadata found. Aggregators such as Plaid exist but route data through a third party; excluded.,https://docs.affirm.com/developers/docs https://www.affirm.com/ https://registry.modelcontextprotocol.io/v0/servers?search=Affirm&limit=100,partly,2026-10-08
309,Chess.com,games,deep,https://www.chess.com,none,community-only,none,B,api,yes,free,none,"The read-only Published-Data API (api.chess.com/pub) needs no key and covers the person's public profile, stats and monthly game archives; private data (game chat, conditional moves) needs an OAuth app granted through Chess.com's application form (review). No vendor MCP; community servers include github.com/pab1it0/chess-mcp. Discovery 2026-10-08: no MCP or OAuth metadata found.",https://www.chess.com/news/view/published-data-api https://support.chess.com/en/articles/9650547-what-is-the-pubapi-and-how-do-i-use-it https://registry.modelcontextprotocol.io/v0/servers?search=chess&limit=100,yes,2026-10-08
315,Google Search,other,deep,https://www.google.com,none,community-only,no-public-api,E,other,yes,free,The person's Google Takeout export of My Activity (Search history),"There is no API to a person's Search account or history, and the Custom Search JSON API is closed to new customers and ends for existing ones on 2027-01-01. Google's official remote MCP servers in the registry (com.googleapis.*) cover Cloud and Maps, not web Search; Search-named entries are community or third-party SERP services. Grounding with Google Search in the paid Gemini API is a model feature, not account access.",https://developers.google.com/custom-search/v1/overview https://support.google.com/accounts/answer/3024190?hl=en https://registry.modelcontextprotocol.io/v0/servers?search=google-search&limit=100 https://registry.modelcontextprotocol.io/v0/servers?search=com.googleapis&limit=100,partly,2026-10-08
321,GroupMe,chat-and-messaging,deep,https://groupme.com,none,none,personal-token,B,api,yes,free,none,"GroupMe's public v3 API (groups, messages, direct messages) accepts the access token the person copies from dev.groupme.com (needs a password login, not single sign-on), or a token from a free client ID registered once with no documented review; the token grants full account access. No MCP in the MCP Registry. Discovery 2026-10-08: no MCP or OAuth metadata found.",https://dev.groupme.com/docs/v3 https://dev.groupme.com/tutorials/oauth https://registry.modelcontextprotocol.io/v0/servers?search=GroupMe&limit=100,yes,2026-10-08
327,Crunchyroll,video-and-streaming,deep,https://www.crunchyroll.com,none,community-only,no-public-api,E,not-feasible,yes,free,"A privacy access request for a portable copy of the person's account data (one-off, not a live connection)",Crunchyroll publishes no developer API; watchlist and history are only in its apps. The community server github.com/markswendsen-code/mcp-crunchyroll drives the private web API and is not affiliated. Discovery 2026-10-08: no MCP or OAuth metadata found.,https://help.crunchyroll.com/hc/en-us/articles/34292052724884-Data-Privacy https://registry.modelcontextprotocol.io/v0/servers?search=crunchyroll&limit=100,partly,2026-10-08
333,WeightWatchers,health-and-fitness,deep,https://www.weightwatchers.com,none,none,no-public-api,E,not-feasible,yes,free,"Activity data the person keeps in Apple Health, which WW also reads, through an iOS Shortcut; the WW food and Points log has no export","WeightWatchers has no public or developer API; its integrations (Apple Health, Fitbit, Withings) are partner syncs into the WW app, and the affiliate programme is marketing only. No MCP in the MCP Registry. Discovery 2026-10-08: no MCP or OAuth metadata found.",https://www.weightwatchers.com/us/blog/tips-syncing-your-fitness-device https://www.weightwatchers.com/uk/ios-apple-health-faq-help-support https://registry.modelcontextprotocol.io/v0/servers?search=weightwatchers&limit=100,partly,2026-10-08
339,Domino's,food-and-delivery,deep,https://www.dominos.com,none,community-only,no-public-api,E,other,yes,free,Order confirmation emails in the person's mailbox,"Domino's offers ordering only through its own AnyWare channels (app, Alexa, Google, Slack, text, cars) and publishes no developer API. Community servers (e.g. the pizzamcp npm package) use the undocumented website API, which blocks cloud IPs and may hit CAPTCHAs. Discovery 2026-10-08: no MCP or OAuth metadata found.",https://anyware.dominos.com/homepage/ https://www.dominos.com/ https://registry.modelcontextprotocol.io/v0/servers?search=domino&limit=100,partly,2026-10-08
345,Plex,video-and-streaming,deep,https://www.plex.tv,none,community-only,personal-token,B,api,yes,free,none,"Plex publishes an official OpenAPI reference for Plex Media Server; an app picks its own name and client identifier (no registration or vetting), the person approves a PIN on plex.tv, and the app gets a 7-day JWT or legacy X-Plex-Token. No vendor MCP; community servers include github.com/niavasha/plex-mcp-server. Discovery 2026-10-08: no MCP or OAuth metadata found.",https://developer.plex.tv/ https://developer.plex.tv/pms/ https://forums.plex.tv/t/public-api-docs-for-pms-are-here/930957 https://registry.modelcontextprotocol.io/v0/servers?search=plex&limit=100,yes,2026-10-08
351,Gopuff,groceries,deep,https://www.gopuff.com,none,none,no-public-api,E,other,yes,free,"Order receipt emails (""Your Gopuff order!"") in the person's mailbox","Gopuff's only APIs are the Powered by Gopuff partner APIs for brands and retailers to fulfil their own orders, not usable on a shopper's account. No MCP in the MCP Registry. Discovery 2026-10-08: no MCP or OAuth metadata found.",https://poweredby.gopuff.com/ https://registry.modelcontextprotocol.io/v0/servers?search=gopuff&limit=100,partly,2026-10-08
357,Binance,investing-and-crypto,deep,https://www.binance.com,https://agent.binance.com/mcp/agentic,vendor-remote,oauth-cimd,A,mcp,yes,free,Binance's public REST API with API keys the person creates,"Binance's official remote MCP (Agent OS) signs the person in on binance.com and trades only in a dedicated Agentic sub-account with no withdrawal scope; its docs list named clients, so acceptance of other CIMD clients is unverified. Discovery 2026-10-08: DCR no, CIMD yes, S256 (protected-resource metadata only at the root path; token auth none). Not in the MCP Registry under a Binance namespace.",https://developers.binance.com/en/docs/agent-native/mcp-server/agentic https://agent.binance.com/.well-known/oauth-protected-resource https://agent.binance.com/.well-known/oauth-authorization-server https://registry.modelcontextprotocol.io/v0/servers?search=binance&limit=100,partly,2026-10-08
753,Careem,maps-and-rides,light,https://www.careem.com,none,none,no-public-api,E,other,yes,free,Ride and order receipt emails in the person's mailbox (IMAP),"No public consumer API or MCP found for Careem rides, food or pay; only the apps. No registry entry found.",https://www.careem.com/,partly,2026-10-08
759,OnePay,finance-and-banking,light,https://www.onepay.com,none,none,no-public-api,E,other,yes,free,Statement export (PDF/CSV) and transaction alert emails,OnePay (Walmart-backed fintech) publishes no consumer API or MCP; access is app only. No registry entry found.,https://www.onepay.com/,partly,2026-10-08
765,MacroFactor,health-and-fitness,light,https://macrofactor.com,none,community-only,no-public-api,E,other,yes,user-paid-plan,The person's in-app Data Export (Quick or Granular spreadsheet),"No public API; the app offers Quick and Granular data export of nutrition, weight and workouts. Registry lists only community github.com/NasserAlbusaidi/macrofactor-mcp, which reads those exports; MacroFactor is a paid subscription.",https://help.macrofactorapp.com/en/articles/356-export-your-data https://github.com/NasserAlbusaidi/macrofactor-mcp,partly,2026-10-08
771,Misfits Market,groceries,light,https://www.misfitsmarket.com,none,none,no-public-api,E,other,yes,free,Order and delivery emails in the person's mailbox (IMAP),No public consumer API or MCP; ordering is through the website and app only. No registry entry found.,https://www.misfitsmarket.com/,partly,2026-10-08
777,Chipotle,food-and-delivery,light,https://www.chipotle.com,none,community-only,no-public-api,E,other,yes,free,Order receipt and rewards emails in the person's mailbox (IMAP),"No public ordering API. The registry entry is community github.com/markswendsen-code/mcp-chipotle (npm @striderlabs/mcp-chipotle), not Chipotle's own.",https://www.chipotle.com/ https://github.com/markswendsen-code/mcp-chipotle,partly,2026-10-08
783,Greenlight,finance-and-banking,light,https://greenlight.com,none,none,no-public-api,E,other,yes,free,Monthly statements and transaction notification emails,Greenlight (kids debit card) has no public consumer API or MCP. The registry hit greenlight (ai.agentlookups) is an unrelated solar-law server.,https://greenlight.com/,partly,2026-10-08
789,FEMA,government-and-civic,light,https://www.fema.gov,none,community-only,none,B,api,yes,free,none,"OpenFEMA is a free read-only public-data API with no key or registration; it covers public datasets (disasters, assistance, flood), not a person's DisasterAssistance.gov case. Registry entries are community (github.com/cyanheads/fema-mcp-server, com.olyport/fema, pipeworx gateways, which route through a third party).",https://www.fema.gov/about/openfema/api,yes,2026-10-08
795,Blinkist,podcasts-and-books,light,https://www.blinkist.com,none,none,no-public-api,E,not-feasible,yes,free,Highlights and reading list shared by the person manually; Send-to-Kindle is for reading only,"No public API or MCP found; the app offers Send-to-Kindle but no documented export. Website blocks automated fetches, so this is based on the App Store listing.",https://apps.apple.com/de/app/blinkist-buchzusammenfassung/id568839295,partly,2026-10-08
801,Volvo Cars,automotive,light,https://www.volvocars.com,none,none,oauth-preregistered,C,api,yes,free,"The person creates and publishes their own Volvo developer API application and pastes its VCC API key and client credentials, as Home Assistant documents","Volvo's Connected Vehicle and Energy APIs use Volvo ID OAuth plus a VCC API key per application; owner consent is required and full credentials for a shared app are granted manually (reported 14-21 days, developer portal blocked automated fetch). Volvo-ID logins expire weekly per evcc docs.",https://www.home-assistant.io/integrations/volvo/ https://docs.evcc.io/en/vehicles/volvo.md,partly,2026-10-08
807,Xiaomi Home,smart-home,light,https://home.mi.com,none,community-only,no-public-api,E,other,yes,free,"Xiaomi devices exposed through Home Assistant's official Xiaomi Home integration, or Apple Home for HomeKit-capable devices","No self-serve public cloud API; Xiaomi's own Home Assistant integration (github.com/XiaoMi/ha_xiaomi_home) signs in with Xiaomi's OAuth client to MIoT Cloud, with local control through a central hub gateway. MCP servers (e.g. github.com/oujiafan/mcp-mijia) are community and use unofficial APIs.",https://github.com/XiaoMi/ha_xiaomi_home https://home.mi.com/,partly,2026-10-08
849,PDF Expert,docs-and-office,light,https://pdfexpert.com,none,none,no-public-api,E,other,yes,free,Read and write the person's PDF files on the Mac directly; open files in PDF Expert through its URL scheme,"Readdle documents keyboard shortcuts and URL schemes for opening files but no API, AppleScript dictionary or MCP. Documents are ordinary local files, so Kipster can work on them without the app.",https://pdfexpert.com/ https://support.readdle.com/pdfexpert/en_US/tips-and-tricks https://support.readdle.com/pdfexpert/en_US/for-developers/url-schemes,partly,2026-10-08
